,Rank,Name,Platform,Year,Genre,Publisher,NA_Sales,EU_Sales,JP_Sales,Other_Sales,Global_Sales
0,6625,Romance of the Three Kingdoms II,SNES,1991.0,Strategy,Tecmo Koei,0.0,0.0,0.25,0.0,0.25
1,8039,GameBoy Wars,GB,1991.0,Strategy,Nintendo,0.0,0.0,0.18,0.0,0.18
2,8087,Battle Commander: Hachibushu Shura no Heihou,SNES,1991.0,Strategy,Banpresto,0.0,0.0,0.18,0.0,0.18
3,5543,Kidou Senshi Gundam F91: Formula Senki 0122,SNES,1991.0,Strategy,Namco Bandai Games,0.0,0.0,0.33,0.0,0.33
4,6090,Romance of the Three Kingdoms III: Dragon of Destiny,SNES,1992.0,Strategy,Tecmo Koei,0.0,0.0,0.29,0.0,0.29
5,16076,Empire Deluxe,PC,1992.0,Strategy,New World Computing,0.01,0.0,0.0,0.0,0.01
6,12528,Syndicate,PC,1992.0,Strategy,Electronic Arts,0.0,0.05,0.0,0.01,0.06
7,7912,Shining Force II,GEN,1993.0,Strategy,Sega,0.0,0.0,0.19,0.0,0.19
8,3238,Nobunaga no Yabou: Haouden,SNES,1993.0,Strategy,Tecmo Koei,0.3,0.0,0.32,0.0,0.62
9,9016,Shining Force CD,SCD,1994.0,Strategy,Sega,0.0,0.0,0.14,0.0,0.14
10,6643,A. IV Evolution: A Ressha de Ikou 4,PS,1994.0,Strategy,ArtDink,0.0,0.0,0.24,0.02,0.25
11,5144,Super Robot Taisen EX,SNES,1994.0,Strategy,Banpresto,0.0,0.0,0.37,0.0,0.37
12,3783,Romance of the Three Kingdoms IV: Wall of Fire,SNES,1994.0,Strategy,Tecmo Koei,0.0,0.0,0.53,0.0,0.53
13,7964,SD Gundam GX,SNES,1994.0,Strategy,Namco Bandai Games,0.0,0.0,0.19,0.0,0.19
14,808,Warcraft: Orcs & Humans,PC,1994.0,Strategy,Activision,0.89,1.08,0.0,0.11,2.08
15,3374,Front Mission,SNES,1995.0,Strategy,SquareSoft,0.0,0.0,0.6,0.0,0.6
16,11621,GOTHA: Ismailia Seneki,SAT,1995.0,Strategy,Sega,0.0,0.0,0.08,0.0,0.08
17,10877,X-COM: UFO Defense,PS,1995.0,Strategy,Microprose,0.05,0.04,0.0,0.01,0.09
18,7514,SD Gundam GNext,SNES,1995.0,Strategy,Namco Bandai Games,0.0,0.0,0.2,0.0,0.2
19,6786,Panzer General,PS,1995.0,Strategy,Mindscape,0.14,0.09,0.0,0.02,0.24
20,11679,Quo Vadis,SAT,1995.0,Strategy,Glams,0.0,0.0,0.08,0.0,0.08
21,9367,Sentou Kokka Air Land Battle,PS,1995.0,Strategy,Sony Computer Entertainment,0.0,0.0,0.13,0.01,0.13
22,5050,Dai-4-Ji Super Robot Taisen,SNES,1995.0,Strategy,Banpresto,0.0,0.0,0.38,0.0,0.38
23,10006,Nobunaga no Yabou: Tenshoki,SAT,1995.0,Strategy,Tecmo Koei,0.0,0.0,0.11,0.0,0.11
24,268,Warcraft II: Tides of Darkness,PC,1995.0,Strategy,Activision,1.7,2.27,0.0,0.23,4.21
25,10380,Carnage Heart,PS,1995.0,Strategy,Sony Computer Entertainment,0.01,0.01,0.09,0.01,0.11
26,9980,Sengoku Cyber: Fujimaru Jigokuhen,PS,1995.0,Strategy,Sony Computer Entertainment,0.0,0.0,0.11,0.01,0.12
27,14515,Konpeki no Kantai,SNES,1995.0,Strategy,Angel Studios,0.0,0.0,0.03,0.0,0.03
28,9462,Romance of the Three Kingdoms IV: Wall of Fire,PS,1995.0,Strategy,Tecmo Koei,0.05,0.03,0.04,0.01,0.13
29,16376,Meru Purana,PS,1996.0,Strategy,Gust,0.0,0.0,0.01,0.0,0.01
30,7879,Warhammer: Shadow of the Horned Rat,PS,1996.0,Strategy,Mindscape,0.11,0.07,0.0,0.01,0.19
31,4866,Command & Conquer,PS,1996.0,Strategy,Virgin Interactive,0.22,0.15,0.0,0.03,0.4
32,7829,Allied General,PS,1996.0,Strategy,SSI,0.11,0.07,0.0,0.01,0.19
33,7554,Langrisser III,SAT,1996.0,Strategy,NCS,0.0,0.0,0.2,0.0,0.2
34,512,Command & Conquer: Red Alert,PC,1996.0,Strategy,Virgin Interactive,1.37,1.34,0.0,0.14,2.85
35,8423,Nobunaga no Yabou: Tenshoki,SNES,1996.0,Strategy,Tecmo Koei,0.0,0.0,0.17,0.0,0.17
36,5906,Dragon Force,SAT,1996.0,Strategy,Sega,0.0,0.0,0.3,0.0,0.3
37,9753,San Goku Shi V,SAT,1996.0,Strategy,Tecmo Koei,0.0,0.0,0.12,0.0,0.12
38,3487,Fire Emblem: Seisen no Keifu,SNES,1996.0,Strategy,Nintendo,0.0,0.0,0.58,0.0,0.58
39,3917,Dai-4-Ji Super Robot Taisen S,PS,1996.0,Strategy,Banpresto,0.0,0.0,0.48,0.03,0.51
40,10961,Return Fire,PS,1996.0,Strategy,Time Warner Interactive,0.05,0.03,0.0,0.01,0.09
41,4812,Pet in TV,PS,1997.0,Strategy,Sony Computer Entertainment,0.0,0.0,0.38,0.03,0.4
42,13826,Syndicate Wars,PS,1997.0,Strategy,Electronic Arts,0.02,0.01,0.0,0.0,0.04
43,3802,Front Mission 2,PS,1997.0,Strategy,SquareSoft,0.0,0.0,0.49,0.03,0.53
44,14540,Master of Monsters: Disciples of Gaia,PS,1997.0,Strategy,Agetec,0.02,0.01,0.0,0.0,0.03
45,4727,Command & Conquer: Red Alert,PS,1997.0,Strategy,Virgin Interactive,0.23,0.16,0.0,0.03,0.41
46,3669,Super Robot Taisen F,SAT,1997.0,Strategy,Banpresto,0.0,0.0,0.55,0.0,0.55
47,5673,Shin Super Robot Taisen Special Disk,PS,1997.0,Strategy,Banpresto,0.0,0.0,0.3,0.02,0.32
48,6219,Kakyuusei,SAT,1997.0,Strategy,Elf,0.0,0.0,0.28,0.0,0.28
49,5156,Mini-Yonku GB: Let's & Go!!,GB,1997.0,Strategy,ASCII Entertainment,0.0,0.0,0.37,0.0,0.37
50,7909,Princess Maker: Yumemiru Yosei,PS,1997.0,Strategy,Sony Computer Entertainment,0.0,0.0,0.18,0.01,0.19
51,6000,SD Gundam G Century,PS,1997.0,Strategy,Namco Bandai Games,0.0,0.0,0.27,0.02,0.29
52,5705,WarCraft II: The Dark Saga,PS,1997.0,Strategy,Electronic Arts,0.18,0.12,0.0,0.02,0.31
53,10313,Langrisser IV,SAT,1997.0,Strategy,NCS,0.0,0.0,0.11,0.0,0.11
54,9414,Shining Force III,SAT,1997.0,Strategy,Sega,0.0,0.0,0.13,0.0,0.13
55,16439,Worms 2,PC,1997.0,Strategy,Microprose,0.0,0.01,0.0,0.0,0.01
56,9718,Magic: The Gathering - Battlemage,PS,1997.0,Strategy,Acclaim Entertainment,0.07,0.05,0.0,0.01,0.12
57,649,Theme Hospital,PC,1997.0,Strategy,Electronic Arts,2.3,0.1,0.0,0.0,2.4
58,2643,Battle Stations,PS,1997.0,Strategy,Electronic Arts,0.43,0.29,0.0,0.05,0.78
59,9060,Front Mission Alternative,PS,1997.0,Strategy,SquareSoft,0.0,0.0,0.13,0.01,0.14
60,8942,Mobile Suit Gundam: Perfect One Year War,PS,1997.0,Strategy,Namco Bandai Games,0.0,0.0,0.14,0.01,0.15
61,8791,Kidou Senkan Nadesico,SAT,1997.0,Strategy,Sega,0.0,0.0,0.15,0.0,0.15
62,2909,Command & Conquer: Red Alert Retaliation,PS,1998.0,Strategy,Virgin Interactive,0.39,0.27,0.0,0.05,0.7
63,6222,Civilization II,PS,1998.0,Strategy,Activision,0.15,0.11,0.0,0.02,0.28
64,10860,Populous: The Beginning,PS,1998.0,Strategy,Electronic Arts,0.05,0.04,0.0,0.01,0.09
65,13317,Romance of the Three Kingdoms VI: Awakening of the Dragon,PS,1998.0,Strategy,Tecmo Koei,0.03,0.02,0.0,0.0,0.05
66,10855,Langrisser V: The End of Legend,SAT,1998.0,Strategy,NCS,0.0,0.0,0.09,0.0,0.09
67,5992,Kagero: Deception II,PS,1998.0,Strategy,Virgin Interactive,0.03,0.02,0.22,0.02,0.29
68,2833,SD Gundam G Generation,PS,1998.0,Strategy,Namco Bandai Games,0.0,0.0,0.67,0.05,0.72
69,13231,StarCraft,PC,1998.0,Strategy,Activision,0.0,0.04,0.0,0.01,0.05
70,10824,Neo Atlas,PS,1998.0,Strategy,ArtDink,0.0,0.0,0.09,0.01,0.09
71,14518,Nectaris: Military Madness,PS,1998.0,Strategy,Hudson Soft,0.02,0.01,0.0,0.0,0.03
72,1145,Yu-Gi-Oh! Duel Monsters,GB,1998.0,Strategy,Konami Digital Entertainment,0.0,0.0,1.61,0.01,1.61
73,807,Sim Theme Park,PC,1998.0,Strategy,Electronic Arts,2.04,0.04,0.0,0.0,2.08
74,336,Pokémon Trading Card Game,GB,1998.0,Strategy,Nintendo,1.49,0.73,1.38,0.1,3.7
75,13861,Warhammer: Dark Omen,PS,1998.0,Strategy,Electronic Arts,0.02,0.01,0.0,0.0,0.04
76,14038,Caesar III,PC,1998.0,Strategy,Vivendi Games,0.0,0.03,0.0,0.01,0.04
77,14154,Trap Gunner: Countdown to Oblivion,PS,1998.0,Strategy,Konami Digital Entertainment,0.02,0.01,0.0,0.0,0.03
78,1423,Pocket Monsters Stadium,N64,1998.0,Strategy,Nintendo,0.0,0.0,1.37,0.0,1.37
79,13499,Angelique Duet,PS,1998.0,Strategy,Tecmo Koei,0.0,0.0,0.04,0.0,0.04
80,9434,The Unholy War,PS,1998.0,Strategy,Eidos Interactive,0.07,0.05,0.0,0.01,0.13
81,11464,Black/Matrix,SAT,1998.0,Strategy,NEC Interchannel,0.0,0.0,0.08,0.0,0.08
82,10986,Brigandine: The Legend of Forsena,PS,1998.0,Strategy,Atlus,0.05,0.03,0.0,0.01,0.09
83,11673,Dragon Force II: Kamisarishi Daichi ni,SAT,1998.0,Strategy,Sega,0.0,0.0,0.08,0.0,0.08
84,12249,Ojyousama Express,PS,1998.0,Strategy,Media Works,0.0,0.0,0.06,0.0,0.06
85,3674,Super Robot Taisen F Kanketsuhen,SAT,1998.0,Strategy,Banpresto,0.0,0.0,0.55,0.0,0.55
86,9277,Houshinengi,PS,1998.0,Strategy,Tecmo Koei,0.0,0.0,0.13,0.01,0.14
87,6613,Kidou Senshi Gundam: Giren no Yabou,SAT,1998.0,Strategy,Namco Bandai Games,0.0,0.0,0.25,0.0,0.25
88,9127,Project V6,PS,1998.0,Strategy,General Entertainment,0.0,0.0,0.13,0.01,0.14
89,14371,Ojyousama Express,SAT,1998.0,Strategy,Media Works,0.0,0.0,0.03,0.0,0.03
90,8889,Chessmaster II,PS,1998.0,Strategy,Mindscape,0.08,0.06,0.0,0.01,0.15
91,7247,Kartia: The Word of Fate,PS,1998.0,Strategy,Konami Digital Entertainment,0.05,0.03,0.12,0.01,0.22
92,11219,Theme Hospital,PS,1998.0,Strategy,Electronic Arts,0.03,0.02,0.03,0.01,0.09
93,12826,Shining Force III: Scenario 2,SAT,1998.0,Strategy,Sega,0.0,0.0,0.05,0.0,0.05
94,14936,Pharaoh,PC,1998.0,Strategy,Vivendi Games,0.0,0.02,0.0,0.0,0.02
95,11960,Vanguard Bandits,PS,1998.0,Strategy,Human Entertainment,0.04,0.03,0.0,0.0,0.07
96,15137,Homeworld,PC,1998.0,Strategy,Vivendi Games,0.0,0.02,0.0,0.0,0.02
97,6348,Command & Conquer,N64,1999.0,Strategy,Nintendo,0.22,0.05,0.0,0.0,0.27
98,8283,Space Battleship Yamato: Harukanaru Hoshi Iscandar,PS,1999.0,Strategy,Namco Bandai Games,0.0,0.0,0.16,0.01,0.17
99,10327,Railroad Tycoon II,PS,1999.0,Strategy,PopTop Software,0.06,0.04,0.0,0.01,0.11
100,13908,Battle Hunter,PS,1999.0,Strategy,Midas Interactive Entertainment,0.02,0.01,0.0,0.0,0.04
101,7625,Super Robot Taisen 64,N64,1999.0,Strategy,Banpresto,0.0,0.0,0.2,0.0,0.2
102,13740,PD Ultraman Battle Collection 64,N64,1999.0,Strategy,Namco Bandai Games,0.0,0.0,0.04,0.0,0.04
103,13742,Worms Armageddon,N64,1999.0,Strategy,Infogrames,0.03,0.01,0.0,0.0,0.04
104,10513,Vandal Hearts II,PS,1999.0,Strategy,Konami Digital Entertainment,0.06,0.04,0.0,0.01,0.1
105,10658,LEGO Rock Raiders,PS,1999.0,Strategy,LEGO Media,0.06,0.04,0.0,0.01,0.1
106,10693,Age of Empires II: The Age of Kings,PC,1999.0,Strategy,Microsoft Game Studios,0.01,0.08,0.0,0.02,0.1
107,5751,Super Robot Taisen Complete Box,PS,1999.0,Strategy,Banpresto,0.0,0.0,0.29,0.02,0.31
108,7098,Super Robot Taisen F Kanketsuhen,PS,1999.0,Strategy,Banpresto,0.0,0.0,0.21,0.01,0.23
109,6746,Dune 2000,PS,1999.0,Strategy,Electronic Arts,0.14,0.09,0.0,0.02,0.25
110,13274,Saiyuki: Journey West,PS,1999.0,Strategy,Tecmo Koei,0.03,0.02,0.0,0.0,0.05
111,6584,Fire Emblem: Thracia 776,SNES,1999.0,Strategy,Nintendo,0.0,0.0,0.26,0.0,0.26
112,10394,Digimon Digital Card Battle,PS,1999.0,Strategy,Namco Bandai Games,0.06,0.04,0.0,0.01,0.11
113,7639,Nobunaga no Yabou: Reppuuden,PS,1999.0,Strategy,Tecmo Koei,0.0,0.0,0.19,0.01,0.2
114,166,Pokemon Stadium,N64,1999.0,Strategy,Nintendo,3.18,1.24,0.94,0.09,5.45
115,3193,Sim Theme Park,PS,1999.0,Strategy,Electronic Arts,0.35,0.24,0.0,0.04,0.63
116,1858,Yu-Gi-Oh! Duel Monsters II: Dark Duel Stories,GB,1999.0,Strategy,Konami Digital Entertainment,0.0,0.0,1.1,0.0,1.1
117,3668,SD Gundam G Generation Zero,PS,1999.0,Strategy,Namco Bandai Games,0.0,0.0,0.51,0.04,0.55
118,16242,Builder's Block,PS,1999.0,Strategy,EON Digital Entertainment,0.01,0.0,0.0,0.0,0.01
119,1952,Worms Armageddon,PS,1999.0,Strategy,Microprose,0.18,0.81,0.0,0.08,1.06
120,3866,Front Mission 3,PS,1999.0,Strategy,SquareSoft,0.1,0.07,0.31,0.03,0.52
121,1207,Command & Conquer: Tiberian Sun,PC,1999.0,Strategy,Westwood Studios,1.55,0.0,0.0,0.0,1.55
122,205,Warzone 2100,PS,1999.0,Strategy,Eidos Interactive,2.79,1.89,0.0,0.33,5.01
123,1465,Command & Conquer: Red Alert 2,PC,2000.0,Strategy,Electronic Arts,1.32,0.02,0.0,0.0,1.34
124,5685,Romance of the Three Kingdoms VII,PS2,2000.0,Strategy,Tecmo Koei,0.08,0.06,0.16,0.02,0.32
125,15505,Hogs of War,PS,2000.0,Strategy,Infogrames,0.01,0.01,0.0,0.0,0.02
126,11984,Battlezone: Rise of the Black Dogs,N64,2000.0,Strategy,Crave Entertainment,0.06,0.01,0.0,0.0,0.07
127,2587,Super Robot Taisen α,PS,2000.0,Strategy,Banpresto,0.0,0.0,0.75,0.05,0.8
128,3518,Mobile Suit Gundam: Giren no Yabou- Zeon no Keifu,PS,2000.0,Strategy,Namco Bandai Games,0.0,0.0,0.54,0.04,0.57
129,12773,A-Train 6,PS2,2000.0,Strategy,Midas Interactive Entertainment,0.0,0.0,0.06,0.0,0.06
130,2184,Kessen,PS2,2000.0,Strategy,Electronic Arts,0.27,0.21,0.41,0.07,0.95
131,9057,Age of Empires: Collector's Edition,PC,2000.0,Strategy,Ubisoft,0.02,0.1,0.0,0.02,0.14
132,8308,Super Robot Taisen Compact 2 Dai-1-Bu,WS,2000.0,Strategy,Namco Bandai Games,0.0,0.0,0.17,0.0,0.17
133,4125,Theme Park Roller Coaster,PS2,2000.0,Strategy,Electronic Arts,0.23,0.18,0.0,0.06,0.48
134,10066,Ring of Red,PS2,2000.0,Strategy,Konami Digital Entertainment,0.06,0.04,0.0,0.01,0.11
135,548,Pokémon Stadium 2,N64,2000.0,Strategy,Nintendo,1.02,0.36,1.13,0.23,2.73
136,7507,Trade & Battle: Card Hero,GB,2000.0,Strategy,Nintendo,0.0,0.0,0.2,0.0,0.2
137,8590,Starcraft 64,N64,2000.0,Strategy,Nintendo,0.13,0.03,0.0,0.0,0.16
138,5020,SD Gundam G Generation-F,PS,2000.0,Strategy,Namco Bandai Games,0.0,0.0,0.36,0.02,0.38
139,814,Yu-Gi-Oh! The Eternal Duelist Soul,GBA,2001.0,Strategy,Konami Digital Entertainment,1.64,0.36,0.0,0.07,2.07
140,14691,Cossacks: European Wars,PC,2001.0,Strategy,Strategy First,0.0,0.02,0.0,0.0,0.03
141,4243,Kessen II,PS2,2001.0,Strategy,THQ,0.13,0.1,0.2,0.03,0.46
142,14174,SD Gundam G Generation: Gather Beat 2,WS,2001.0,Strategy,Namco Bandai Games,0.0,0.0,0.03,0.0,0.03
143,3283,Super Robot Taisen α Gaiden,PS,2001.0,Strategy,Banpresto,0.0,0.0,0.58,0.04,0.62
144,15175,The Settlers IV,PC,2001.0,Strategy,Blue Byte,0.0,0.02,0.0,0.0,0.02
145,10631,L'Aigle de Guerre,GBA,2001.0,Strategy,Nintendo,0.0,0.0,0.1,0.0,0.1
146,14164,Zoo Tycoon,PC,2001.0,Strategy,Microsoft Game Studios,0.0,0.03,0.0,0.01,0.03
147,2925,Advance Wars,GBA,2001.0,Strategy,Nintendo,0.5,0.19,0.0,0.01,0.7
148,15780,Worms World Party,PC,2001.0,Strategy,Virgin Interactive,0.0,0.01,0.0,0.0,0.02
149,5241,Super Robot Taisen A,GBA,2001.0,Strategy,Banpresto,0.0,0.0,0.35,0.01,0.36
150,10007,Stronghold,PC,2001.0,Strategy,Gathering of Developers,0.0,0.09,0.0,0.02,0.11
151,13632,Black & White,PC,2001.0,Strategy,Electronic Arts,0.0,0.04,0.0,0.01,0.04
152,11225,ChuChu Rocket!,GBA,2001.0,Strategy,Atari,0.06,0.02,0.0,0.0,0.09
153,11250,MetropolisMania,PS2,2001.0,Strategy,Natsume,0.04,0.03,0.0,0.01,0.09
154,10862,Chess,PS,2001.0,Strategy,Success,0.05,0.04,0.0,0.01,0.09
155,9922,SD Gundam G Generation-F.I.F,PS,2001.0,Strategy,Namco Bandai Games,0.0,0.0,0.11,0.01,0.12
156,1127,Pikmin,GC,2001.0,Strategy,Nintendo,0.78,0.25,0.56,0.04,1.63
157,2338,Pokemon Card GB2: Here Comes Team GR!,GB,2001.0,Strategy,Nintendo,0.0,0.0,0.89,0.0,0.89
158,13169,Empire Earth,PC,2001.0,Strategy,Vivendi Games,0.0,0.04,0.0,0.01,0.05
159,11833,Commandos 2: Men of Courage,XB,2002.0,Strategy,Eidos Interactive,0.05,0.02,0.0,0.0,0.07
160,12829,Worms World Party,GBA,2002.0,Strategy,Ubisoft,0.04,0.01,0.0,0.0,0.05
161,16043,Impossible Creatures,PC,2002.0,Strategy,Microsoft Game Studios,0.0,0.01,0.0,0.0,0.01
162,3549,SD Gundam G Generation Neo,PS2,2002.0,Strategy,Namco Bandai Games,0.0,0.0,0.57,0.0,0.57
163,9589,Nobunaga no Yabou: Ranseiki,PS2,2002.0,Strategy,Tecmo Koei,0.0,0.0,0.13,0.0,0.13
164,9518,Warcraft III: Reign of Chaos,PC,2002.0,Strategy,Vivendi Games,0.03,0.08,0.0,0.02,0.13
165,11149,Age of Mythology,PC,2002.0,Strategy,Microsoft Game Studios,0.02,0.06,0.0,0.01,0.09
166,15927,RollerCoaster Tycoon: Gold Edition,PC,2002.0,Strategy,Infogrames,0.01,0.0,0.0,0.0,0.02
167,6601,Super Robot Taisen R,GBA,2002.0,Strategy,Banpresto,0.0,0.0,0.25,0.01,0.26
168,3129,Super Robot Taisen Impact,PS2,2002.0,Strategy,Banpresto,0.0,0.0,0.65,0.0,0.65
169,7356,Conflict Zone,PS2,2002.0,Strategy,Ubisoft,0.1,0.08,0.0,0.03,0.21
170,15186,Maximum Capacity: Hotel Giant,PC,2002.0,Strategy,JoWood Productions,0.0,0.02,0.0,0.0,0.02
171,15489,Virtual Kasparov,GBA,2002.0,Strategy,Titus,0.01,0.01,0.0,0.0,0.02
172,11701,P.T.O. IV: Pacific Theater of Operations,PS2,2002.0,Strategy,Tecmo Koei,0.04,0.03,0.0,0.01,0.08
173,8139,Commandos 2: Men of Courage,PS2,2002.0,Strategy,Eidos Interactive,0.09,0.07,0.0,0.02,0.18
174,5881,Romance of the Three Kingdoms VIII,PS2,2002.0,Strategy,Tecmo Koei,0.05,0.04,0.19,0.01,0.3
175,2878,Yu-Gi-Oh! The Falsebound Kingdom,GC,2002.0,Strategy,Konami Digital Entertainment,0.49,0.13,0.07,0.02,0.71
176,6062,Dynasty Tactics,PS2,2002.0,Strategy,Tecmo Koei,0.06,0.05,0.16,0.02,0.29
177,1595,RollerCoaster Tycoon 2,PC,2002.0,Strategy,Atari,1.19,0.05,0.0,0.0,1.25
178,10162,Army Men: RTS,PS2,2002.0,Strategy,3DO,0.05,0.04,0.0,0.01,0.11
179,5006,Mobile Suit Gundam: Giren no Yabou Zeon Dokuritsu Sensouden,PS2,2002.0,Strategy,Namco Bandai Games,0.0,0.0,0.38,0.0,0.38
180,14556,Culdcept,PS2,2002.0,Strategy,Sega,0.01,0.01,0.0,0.0,0.03
181,11338,Aliens versus Predator: Extinction,XB,2003.0,Strategy,Electronic Arts,0.06,0.02,0.0,0.0,0.08
182,11520,Goblin Commander: Unleash the Horde,XB,2003.0,Strategy,Jaleco,0.06,0.02,0.0,0.0,0.08
183,9325,Gladius,XB,2003.0,Strategy,Activision,0.1,0.03,0.0,0.0,0.14
184,11319,Onimusha Tactics,GBA,2003.0,Strategy,Capcom,0.06,0.02,0.0,0.0,0.08
185,8525,Magic: The Gathering - Battlegrounds,XB,2003.0,Strategy,Atari,0.12,0.03,0.0,0.01,0.16
186,15883,Command & Conquer Collection,PC,2003.0,Strategy,Electronic Arts,0.01,0.0,0.0,0.0,0.02
187,8290,Goblin Commander: Unleash the Horde,PS2,2003.0,Strategy,Jaleco,0.08,0.07,0.0,0.02,0.17
188,3115,Advance Wars 2: Black Hole Rising,GBA,2003.0,Strategy,Nintendo,0.47,0.17,0.0,0.01,0.65
189,7820,Aliens versus Predator: Extinction,PS2,2003.0,Strategy,Electronic Arts,0.09,0.07,0.0,0.02,0.19
190,11779,Gladius,GC,2003.0,Strategy,Activision,0.06,0.01,0.0,0.0,0.07
191,5029,Risk: Global Domination,PS2,2003.0,Strategy,Atari,0.19,0.15,0.0,0.05,0.38
192,7669,Gladius,PS2,2003.0,Strategy,Activision,0.1,0.08,0.0,0.03,0.2
193,7963,Robin Hood: Defender of the Crown,PS2,2003.0,Strategy,Capcom,0.09,0.07,0.0,0.02,0.19
194,7796,Super Robot Taisen: Scramble Commander,PS2,2003.0,Strategy,Banpresto,0.0,0.0,0.19,0.0,0.19
195,2135,Fire Emblem,GBA,2003.0,Strategy,Nintendo,0.49,0.18,0.29,0.01,0.97
196,15495,Commandos 3: Destination Berlin,PC,2003.0,Strategy,Eidos Interactive,0.0,0.02,0.0,0.0,0.02
197,11948,Romance of the Three Kingdoms IX,PS2,2003.0,Strategy,Tecmo Koei,0.03,0.03,0.0,0.01,0.07
198,6971,Super Robot Taisen D,GBA,2003.0,Strategy,Banpresto,0.0,0.0,0.23,0.01,0.23
199,10281,Dynasty Tactics 2,PS2,2003.0,Strategy,Tecmo Koei,0.05,0.04,0.0,0.01,0.11
200,14384,Homeworld 2,PC,2003.0,Strategy,Vivendi Games,0.0,0.03,0.0,0.01,0.03
201,14003,Age of Mythology: The Titans,PC,2003.0,Strategy,Microsoft Game Studios,0.01,0.02,0.0,0.0,0.04
202,13948,Railroad Tycoon 3,PC,2003.0,Strategy,Gathering of Developers,0.0,0.03,0.0,0.01,0.04
203,14538,Robin Hood: Defender of the Crown,XB,2003.0,Strategy,Capcom,0.02,0.01,0.0,0.0,0.03
204,13694,Rise of Nations,PC,2003.0,Strategy,Microsoft Game Studios,0.01,0.02,0.0,0.01,0.04
205,13543,Dai Senryaku VII: Modern Military Tactics,XB,2003.0,Strategy,Kool Kizz,0.03,0.01,0.0,0.0,0.04
206,13496,Praetorians,PC,2003.0,Strategy,Eidos Interactive,0.0,0.04,0.0,0.0,0.04
207,1214,Warcraft III: The Frozen Throne,PC,2003.0,Strategy,Activision,0.58,0.87,0.0,0.09,1.54
208,12201,Worms 3D,GC,2003.0,Strategy,Sega,0.05,0.01,0.0,0.0,0.07
209,14746,RollerCoaster Tycoon 2: Triple Thrill Pack,PC,2003.0,Strategy,Atari,0.0,0.02,0.0,0.01,0.03
210,9683,Worms 3D,PS2,2003.0,Strategy,Sega,0.06,0.05,0.0,0.02,0.12
211,3707,Front Mission 4,PS2,2003.0,Strategy,Square Enix,0.14,0.11,0.25,0.04,0.54
212,15732,Goblin Commander: Unleash the Horde,GC,2003.0,Strategy,Jaleco,0.01,0.0,0.0,0.0,0.02
213,3606,Yu-Gi-Oh! Reshef of Destruction,GBA,2003.0,Strategy,Konami Digital Entertainment,0.4,0.15,0.0,0.01,0.56
214,3382,Dai-2-Ji Super Robot Taisen α,PS2,2003.0,Strategy,Banpresto,0.0,0.0,0.6,0.0,0.6
215,9501,RollerCoaster Tycoon,XB,2003.0,Strategy,Atari,0.1,0.03,0.0,0.0,0.13
216,12606,Worms 3D,XB,2003.0,Strategy,Sega,0.04,0.01,0.0,0.0,0.06
217,12543,Zoo Tycoon: Complete Collection,PC,2003.0,Strategy,Microsoft Game Studios,0.03,0.02,0.0,0.01,0.06
218,13625,Port Royale 2,PC,2004.0,Strategy,Ascaron Entertainment GmbH,0.0,0.03,0.0,0.01,0.04
219,5734,Yu-Gi-Oh! The Dawn of Destiny,XB,2004.0,Strategy,Konami Digital Entertainment,0.23,0.07,0.0,0.01,0.31
220,15028,Future Tactics: The Uprising,GC,2004.0,Strategy,JoWood Productions,0.02,0.0,0.0,0.0,0.02
221,5680,Kingdom Under Fire: The Crusaders,XB,2004.0,Strategy,Deep Silver,0.24,0.07,0.0,0.01,0.32
222,11511,Famicom Mini: SD Gundam World Gachapon Senshi - Scramble Wars,GBA,2004.0,Strategy,Nintendo,0.0,0.0,0.08,0.0,0.08
223,14418,Knights of Honor,PC,2004.0,Strategy,Sunflowers,0.0,0.02,0.0,0.01,0.03
224,12814,Amazing Island,GC,2004.0,Strategy,Sega,0.04,0.01,0.0,0.0,0.06
225,11430,Nobunaga's Ambition: Rise to Power,PS2,2004.0,Strategy,Tecmo Koei,0.0,0.0,0.08,0.0,0.08
226,2337,Fire Emblem: The Sacred Stones,GBA,2004.0,Strategy,Nintendo,0.42,0.16,0.3,0.02,0.89
227,4870,SD Gundam G Generation Seed,PS2,2004.0,Strategy,Namco Bandai Games,0.0,0.0,0.4,0.0,0.4
228,10134,Yu Yu Hakusho: Tournament Tactics,GBA,2004.0,Strategy,Atari,0.08,0.03,0.0,0.0,0.11
229,12227,Worms Forts: Under Siege,XB,2004.0,Strategy,Sega,0.05,0.01,0.0,0.0,0.07
230,12112,Army Men: RTS,GC,2004.0,Strategy,Global Star,0.05,0.01,0.0,0.0,0.07
231,12155,Future Tactics: The Uprising,PS2,2004.0,Strategy,Crave Entertainment,0.03,0.03,0.0,0.01,0.07
232,10180,Worms Forts: Under Siege,PS2,2004.0,Strategy,Acclaim Entertainment,0.05,0.04,0.0,0.01,0.11
233,2370,Metal Gear Ac!d,PSP,2004.0,Strategy,Konami Digital Entertainment,0.32,0.26,0.12,0.17,0.88
234,14606,Future Tactics: The Uprising,XB,2004.0,Strategy,JoWood Productions,0.02,0.01,0.0,0.0,0.03
235,10489,Rome: Total War,PC,2004.0,Strategy,Activision,0.0,0.08,0.0,0.02,0.1
236,2815,Full Spectrum Warrior,XB,2004.0,Strategy,THQ,0.54,0.16,0.0,0.03,0.73
237,11694,Stella Deus: The Gate of Eternity,PS2,2004.0,Strategy,505 Games,0.04,0.03,0.0,0.01,0.08
238,6418,Duel Masters,PS2,2004.0,Strategy,Atari,0.13,0.1,0.0,0.03,0.27
239,13141,"Warhammer 40,000: Dawn of War",PC,2004.0,Strategy,THQ,0.01,0.03,0.0,0.01,0.05
240,11830,Wrath Unleashed,PS2,2004.0,Strategy,LucasArts,0.04,0.03,0.0,0.01,0.07
241,1671,Pikmin 2,GC,2004.0,Strategy,Nintendo,0.48,0.13,0.56,0.03,1.2
242,11680,The Lord of the Rings: The Battle for Middle-Earth,PC,2004.0,Strategy,Electronic Arts,0.01,0.06,0.0,0.01,0.08
243,3983,Super Robot Taisen MX,PS2,2004.0,Strategy,Banpresto,0.0,0.0,0.5,0.0,0.5
244,12552,Zoo Tycoon 2,PC,2004.0,Strategy,Microsoft Game Studios,0.0,0.05,0.0,0.01,0.06
245,11822,Kessen III,PS2,2004.0,Strategy,Tecmo Koei,0.04,0.03,0.0,0.01,0.07
246,6209,RollerCoaster Tycoon 3,PC,2004.0,Strategy,Atari,0.01,0.22,0.0,0.05,0.28
247,13415,Wrath Unleashed,XB,2004.0,Strategy,LucasArts,0.03,0.01,0.0,0.0,0.05
248,12399,Monster Garage,XB,2004.0,Strategy,Activision Value,0.05,0.01,0.0,0.0,0.06
249,15915,Evil Genius,PC,2004.0,Strategy,Vivendi Games,0.0,0.01,0.0,0.0,0.02
250,9140,Lord of the Rings: Tactics,PSP,2005.0,Strategy,Electronic Arts,0.11,0.02,0.0,0.02,0.14
251,11063,Super Robot Taisen MX Portable,PSP,2005.0,Strategy,Banpresto,0.0,0.0,0.09,0.0,0.09
252,2075,Zoo Tycoon DS,DS,2005.0,Strategy,THQ,0.86,0.04,0.01,0.08,1.0
253,10952,Black & White 2,PC,2005.0,Strategy,Electronic Arts,0.01,0.07,0.0,0.01,0.09
254,9897,Battles of Prince of Persia,DS,2005.0,Strategy,Ubisoft,0.1,0.01,0.0,0.01,0.12
255,16016,Codename: Panzers Phase Two,PC,2005.0,Strategy,CDV Software Entertainment,0.0,0.01,0.0,0.0,0.01
256,11148,RollerCoaster Tycoon 3: Platinum,PC,2005.0,Strategy,Atari,0.01,0.06,0.0,0.01,0.09
257,10985,Romance of the Three Kingdoms X,PS2,2005.0,Strategy,Tecmo Koei,0.04,0.03,0.0,0.01,0.09
258,9190,Sid Meier's Pirates!,XB,2005.0,Strategy,Take-Two Interactive,0.11,0.03,0.0,0.01,0.14
259,5926,Full Spectrum Warrior,PS2,2005.0,Strategy,THQ,0.15,0.11,0.0,0.04,0.3
260,4806,Advance Wars: Dual Strike,DS,2005.0,Strategy,Nintendo,0.3,0.03,0.04,0.03,0.4
261,13679,Imperial Glory,PC,2005.0,Strategy,Eidos Interactive,0.0,0.04,0.0,0.0,0.04
262,12836,Rebelstar: Tactical Command,GBA,2005.0,Strategy,Atari,0.04,0.01,0.0,0.0,0.05
263,7399,Front Mission 5: Scars of the War,PS2,2005.0,Strategy,Square Enix,0.0,0.0,0.21,0.0,0.21
264,12081,Dino Master: Dig Discover Duel,DS,2005.0,Strategy,Majesco Entertainment,0.06,0.0,0.0,0.0,0.07
265,7524,Suikoden Tactics,PS2,2005.0,Strategy,Konami Digital Entertainment,0.06,0.05,0.07,0.02,0.2
266,12045,Real Time Conflict: Shogun Empires,DS,2005.0,Strategy,Namco Bandai Games,0.06,0.0,0.0,0.0,0.07
267,11852,SD Gundam: Gashapon Wars,GC,2005.0,Strategy,Namco Bandai Games,0.0,0.0,0.07,0.0,0.07
268,13752,Worms 4: Mayhem,XB,2005.0,Strategy,Codemasters,0.03,0.01,0.0,0.0,0.04
269,3389,Dai-3-Ji Super Robot Taisen α: Shuuen no Ginga e,PS2,2005.0,Strategy,Banpresto,0.0,0.0,0.59,0.0,0.59
270,4813,Battalion Wars,GC,2005.0,Strategy,Nintendo,0.25,0.07,0.07,0.01,0.4
271,8028,Super Robot Taisen J,GBA,2005.0,Strategy,Banpresto,0.0,0.0,0.18,0.0,0.18
272,14917,Stronghold 2 Deluxe,PC,2005.0,Strategy,Take-Two Interactive,0.0,0.02,0.0,0.0,0.02
273,8059,Metal Gear Ac!d 2,PSP,2005.0,Strategy,Konami Digital Entertainment,0.11,0.01,0.05,0.01,0.18
274,14411,Empire Earth II,PC,2005.0,Strategy,Vivendi Games,0.0,0.03,0.0,0.0,0.03
275,8352,Sid Meier's Civilization IV,PC,2005.0,Strategy,Take-Two Interactive,0.02,0.12,0.0,0.03,0.17
276,4928,Age of Empires III,PC,2005.0,Strategy,Microsoft Game Studios,0.0,0.32,0.0,0.07,0.39
277,8769,Kingdom Under Fire: Heroes,XB,2005.0,Strategy,Deep Silver,0.11,0.03,0.0,0.01,0.15
278,13725,Shattered Union,XB,2005.0,Strategy,Take-Two Interactive,0.03,0.01,0.0,0.0,0.04
279,13660,Heroes of Might and Magic V,PC,2006.0,Strategy,Ubisoft,0.0,0.03,0.0,0.01,0.04
280,13361,Full Spectrum Warrior: Ten Hammers,XB,2006.0,Strategy,THQ,0.03,0.01,0.0,0.0,0.05
281,16066,Super Robot Taisen XO,X360,2006.0,Strategy,Banpresto,0.0,0.0,0.01,0.0,0.01
282,11160,Star Wars: Empire at War,PC,2006.0,Strategy,LucasArts,0.01,0.06,0.0,0.02,0.09
283,14520,Tenka-bito,PS2,2006.0,Strategy,Sega,0.0,0.0,0.03,0.0,0.03
284,14633,Galaxy Angel II: Zettairyouiki no Tobira,PS2,2006.0,Strategy,Broccoli,0.0,0.0,0.03,0.0,0.03
285,13850,The Adventures of Darwin,PS2,2006.0,Strategy,Essential Games,0.01,0.0,0.03,0.0,0.04
286,13871,Caesar IV,PC,2006.0,Strategy,Vivendi Games,0.0,0.03,0.0,0.01,0.04
287,13974,Chaos Wars,PS2,2006.0,Strategy,Idea Factory,0.0,0.0,0.04,0.0,0.04
288,14161,Rise of Nations: Rise of Legends,PC,2006.0,Strategy,Microsoft Game Studios,0.0,0.03,0.0,0.01,0.03
289,14523,Star Trek: Tactical Assault,PSP,2006.0,Strategy,Ubisoft,0.02,0.01,0.0,0.0,0.03
290,10811,SNK vs. Capcom Card Fighters DS,DS,2006.0,Strategy,Ignition Entertainment,0.09,0.0,0.0,0.01,0.1
291,13207,SD Gundam: Scad Hammers,Wii,2006.0,Strategy,Namco Bandai Games,0.0,0.0,0.05,0.0,0.05
292,13303,Company of Heroes,PC,2006.0,Strategy,THQ,0.0,0.04,0.0,0.01,0.05
293,15684,Stronghold Legends,PC,2006.0,Strategy,Take-Two Interactive,0.0,0.01,0.0,0.0,0.02
294,11362,Worms: Open Warfare,DS,2006.0,Strategy,THQ,0.05,0.03,0.0,0.01,0.08
295,15471,Tycoon City: New York,PC,2006.0,Strategy,Atari,0.0,0.02,0.0,0.0,0.02
296,15378,Chuugen no Hasha: Sangoku Shouseiden,PSP,2006.0,Strategy,Namco Bandai Games,0.0,0.0,0.02,0.0,0.02
297,11137,Nobunaga's Ambition: Iron Triangle,PS2,2006.0,Strategy,Tecmo Koei,0.04,0.03,0.0,0.01,0.09
298,15275,Command & Conquer: The First Decade,PC,2006.0,Strategy,Electronic Arts,0.01,0.01,0.0,0.0,0.02
299,15249,Sakura Wars 1 & 2,PSP,2006.0,Strategy,Sega,0.0,0.0,0.02,0.0,0.02
300,14673,Warhammer: Mark of Chaos,PC,2006.0,Strategy,Deep Silver,0.0,0.02,0.0,0.0,0.03
301,15209,The Lord of the Rings: The Battle for Middle-Earth II,PC,2006.0,Strategy,Electronic Arts,0.01,0.01,0.0,0.0,0.02
302,12232,Full Spectrum Warrior: Ten Hammers,PS2,2006.0,Strategy,THQ,0.03,0.02,0.0,0.01,0.07
303,12379,Star Trek: Tactical Assault,DS,2006.0,Strategy,Ubisoft,0.05,0.01,0.0,0.0,0.06
304,14933,ParaWorld,PC,2006.0,Strategy,Deep Silver,0.0,0.02,0.0,0.0,0.02
305,12734,The Lord of the Rings: The Battle for Middle-Earth II,X360,2006.0,Strategy,Electronic Arts,0.0,0.05,0.0,0.01,0.06
306,14922,Star Wars: Empire at War - Forces of Corruption,PC,2006.0,Strategy,LucasArts,0.0,0.02,0.0,0.0,0.02
307,14886,Tank Beat,DS,2006.0,Strategy,Midas Interactive Entertainment,0.01,0.01,0.0,0.0,0.03
308,16021,Nobunaga no Yabou DS,DS,2006.0,Strategy,Tecmo Koei,0.0,0.0,0.01,0.0,0.01
309,15064,Mage Knight: Destiny's Soldier,DS,2006.0,Strategy,Namco Bandai Games,0.02,0.0,0.0,0.0,0.02
310,14268,Rome: Total War - Gold Edition,PC,2006.0,Strategy,Sega,0.0,0.03,0.0,0.01,0.03
311,10848,Medieval II: Total War,PC,2006.0,Strategy,Sega,0.0,0.08,0.0,0.02,0.09
312,5783,Lord of the Rings: Battle for Middle-Earth,X360,2006.0,Strategy,Electronic Arts,0.28,0.0,0.0,0.02,0.31
313,7030,Age of Empires: The Age of Kings,DS,2006.0,Strategy,THQ,0.19,0.02,0.0,0.02,0.23
314,2646,Worms: Open Warfare,PSP,2006.0,Strategy,THQ,0.11,0.43,0.0,0.24,0.78
315,8559,Scarface: Money. Power. Respect.,PSP,2006.0,Strategy,Vivendi Games,0.15,0.0,0.0,0.01,0.16
316,8569,Field Commander,PSP,2006.0,Strategy,Sony Online Entertainment,0.14,0.0,0.0,0.01,0.16
317,9282,Yu-Gi-Oh! GX: Tag Force,PSP,2006.0,Strategy,Konami Digital Entertainment,0.09,0.03,0.0,0.02,0.14
318,3064,Thrillville,PS2,2006.0,Strategy,Atari,0.55,0.02,0.0,0.09,0.66
319,6304,SD Gundam G Generation Portable,PSP,2006.0,Strategy,Namco Bandai Games,0.0,0.0,0.27,0.0,0.27
320,7497,Thrillville,PSP,2006.0,Strategy,Atari,0.18,0.0,0.0,0.02,0.2
321,12324,Pawly Pets: My Vet Practice,DS,2007.0,Strategy,Ubisoft,0.0,0.06,0.0,0.01,0.06
322,12238,"Warhammer 40,000: Squad Command",DS,2007.0,Strategy,THQ,0.05,0.01,0.0,0.01,0.07
323,16276,Battlestations: Midway,PC,2007.0,Strategy,Eidos Interactive,0.0,0.01,0.0,0.0,0.01
324,4994,SD Gundam G Generation Spirits,PS2,2007.0,Strategy,Namco Bandai Games,0.0,0.0,0.38,0.0,0.38
325,12179,Age of Empires III: The Asian Dynasties,PC,2007.0,Strategy,Microsoft Game Studios,0.0,0.05,0.0,0.01,0.07
326,12178,R-Type Command,PSP,2007.0,Strategy,Rising Star Games,0.05,0.0,0.01,0.01,0.07
327,4789,Overlord,X360,2007.0,Strategy,Codemasters,0.34,0.03,0.01,0.03,0.4
328,14517,Galaxy Angel II: Mugen Kairou no Kagi,PS2,2007.0,Strategy,Broccoli,0.0,0.0,0.03,0.0,0.03
329,12068,Command & Conquer 3: Tiberium Wars,PC,2007.0,Strategy,Electronic Arts,0.0,0.06,0.0,0.01,0.07
330,12351,Panzer Tactics,DS,2007.0,Strategy,10TACLE Studios,0.06,0.0,0.0,0.0,0.06
331,4593,Yu-Gi-Oh! GX: Tag Force 2,PSP,2007.0,Strategy,Konami Digital Entertainment,0.03,0.2,0.1,0.11,0.42
332,4532,Command & Conquer 3: Tiberium Wars,X360,2007.0,Strategy,Electronic Arts,0.35,0.05,0.0,0.03,0.43
333,4459,Super Robot Taisen OG: Original Generations,PS2,2007.0,Strategy,Banpresto,0.0,0.0,0.44,0.0,0.44
334,4393,Worms: Open Warfare 2,PSP,2007.0,Strategy,THQ,0.04,0.26,0.0,0.14,0.45
335,11889,Elements of Destruction,DS,2007.0,Strategy,THQ,0.07,0.0,0.0,0.01,0.07
336,11856,Romance of the Three Kingdoms XI,PS2,2007.0,Strategy,Tecmo Koei,0.0,0.0,0.07,0.0,0.07
337,7678,Sid Meier's Pirates!,PSP,2007.0,Strategy,Take-Two Interactive,0.16,0.01,0.0,0.02,0.2
338,4347,Thrillville: Off the Rails,Wii,2007.0,Strategy,LucasArts,0.39,0.02,0.0,0.03,0.45
339,14723,Negima!? Dream Tactic Yumemiru Otome Princess,PS2,2007.0,Strategy,Konami Digital Entertainment,0.0,0.0,0.03,0.0,0.03
340,4642,Thrillville: Off the Rails,PS2,2007.0,Strategy,LucasArts,0.2,0.16,0.0,0.05,0.42
341,14267,Combat Mission: Shock Force,PC,2007.0,Strategy,Paradox Interactive,0.0,0.03,0.0,0.01,0.03
342,16200,Simple 2000 Series Vol. 120: The Saigo no Nippon Tsuwamono,PS2,2007.0,Strategy,D3Publisher,0.0,0.0,0.01,0.0,0.01
343,14263,Suujin Taisen,DS,2007.0,Strategy,Nintendo,0.0,0.0,0.03,0.0,0.03
344,5858,Super Robot Taisen W,DS,2007.0,Strategy,Banpresto,0.0,0.0,0.3,0.0,0.3
345,13491,Front Mission,DS,2007.0,Strategy,Square Enix,0.01,0.0,0.03,0.0,0.04
346,13442,Thrillville: Off the Rails,DS,2007.0,Strategy,LucasArts,0.03,0.01,0.0,0.0,0.05
347,13705,Company of Heroes: Opposing Fronts,PC,2007.0,Strategy,THQ,0.01,0.03,0.0,0.01,0.04
348,5868,Super Robot Taisen OG: Original Generations Gaiden,PS2,2007.0,Strategy,Banpresto,0.0,0.0,0.3,0.0,0.3
349,13774,Empire Earth III,PC,2007.0,Strategy,Vivendi Games,0.0,0.03,0.0,0.01,0.04
350,6158,Yu-Gi-Oh! World Championship 2008,DS,2007.0,Strategy,Konami Digital Entertainment,0.13,0.02,0.12,0.01,0.28
351,13242,GrimGrimoire,PS2,2007.0,Strategy,Tecmo Koei,0.01,0.01,0.03,0.0,0.05
352,5524,"Warhammer 40,000: Squad Command",PSP,2007.0,Strategy,THQ,0.11,0.14,0.0,0.08,0.33
353,13179,Yu-Gi-Oh! World Championship 2007,DS,2007.0,Strategy,Konami Digital Entertainment,0.0,0.01,0.04,0.0,0.05
354,13854,Supreme Commander: Forged Alliance,PC,2007.0,Strategy,THQ,0.01,0.02,0.0,0.01,0.04
355,7117,Dinosaur King,DS,2007.0,Strategy,Sega,0.2,0.0,0.0,0.02,0.23
356,15961,Drone Tactics,DS,2007.0,Strategy,Success,0.01,0.0,0.0,0.0,0.02
357,13897,R-Type Command (correct US sales),PSP,2007.0,Strategy,Rising Star Games,0.04,0.0,0.0,0.0,0.04
358,16125,Theatre Of War,PC,2007.0,Strategy,Kalypso Media,0.0,0.01,0.0,0.0,0.01
359,15905,Tennis no Oji-Sama: Card Hunter,PS2,2007.0,Strategy,Konami Digital Entertainment,0.0,0.0,0.02,0.0,0.02
360,6449,Battlestations: Midway,X360,2007.0,Strategy,Eidos Interactive,0.21,0.02,0.0,0.02,0.26
361,14020,World in Conflict,PC,2007.0,Strategy,Vivendi Games,0.0,0.03,0.0,0.01,0.04
362,5276,Battalion Wars 2,Wii,2007.0,Strategy,Nintendo,0.22,0.03,0.08,0.02,0.35
363,14039,Super Robot Taisen: Scramble Commander the 2nd,PS2,2007.0,Strategy,Banpresto,0.0,0.0,0.04,0.0,0.04
364,6541,SD Gundam G Generation: Cross Drive,DS,2007.0,Strategy,Namco Bandai Games,0.0,0.0,0.26,0.0,0.26
365,5229,Worms: Open Warfare 2,DS,2007.0,Strategy,THQ,0.07,0.25,0.0,0.04,0.36
366,15869,San Goku Shi DS 2,DS,2007.0,Strategy,Tecmo Koei,0.0,0.0,0.02,0.0,0.02
367,8463,Thrillville: Off the Rails,X360,2007.0,Strategy,LucasArts,0.13,0.02,0.0,0.01,0.16
368,10145,Kousoku Card Battle: Card Hero,DS,2007.0,Strategy,Nintendo,0.0,0.0,0.11,0.0,0.11
369,14828,Age of Empires III: Gold Edition,PC,2007.0,Strategy,Microsoft Game Studios,0.0,0.02,0.0,0.01,0.03
370,13340,Supreme Commander,PC,2007.0,Strategy,THQ,0.0,0.04,0.0,0.01,0.05
371,10924,Yu-Gi-Oh! GX: The Beginning of Destiny (US sales),PS2,2007.0,Strategy,Konami Digital Entertainment,0.05,0.04,0.0,0.01,0.09
372,10795,Glory Days 2,DS,2007.0,Strategy,Ghostlight,0.08,0.0,0.0,0.01,0.1
373,16513,Palais de Reine,PS2,2007.0,Strategy,Interchannel-Holon,0.0,0.0,0.01,0.0,0.01
374,16486,Hospital Tycoon,PC,2007.0,Strategy,Codemasters,0.0,0.01,0.0,0.0,0.01
375,15417,Worms,X360,2007.0,Strategy,Microsoft Game Studios,0.0,0.02,0.0,0.0,0.02
376,15147,Overlord,PC,2007.0,Strategy,Codemasters,0.0,0.02,0.0,0.0,0.02
377,14943,The Settlers: Rise of an Empire,PC,2007.0,Strategy,Ubisoft,0.01,0.01,0.0,0.0,0.02
378,15454,UFO: Trilogy,PC,2007.0,Strategy,Unknown,0.0,0.02,0.0,0.0,0.02
379,11097,Zoids Assault,X360,2007.0,Strategy,Takara Tomy,0.08,0.0,0.0,0.01,0.09
380,10532,Dungeons & Dragons Tactics,PSP,2007.0,Strategy,Atari,0.09,0.0,0.0,0.01,0.1
381,3904,Fire Emblem: Radiant Dawn,Wii,2007.0,Strategy,Nintendo,0.28,0.03,0.17,0.03,0.51
382,10935,Star Wars: Empire at War - Gold Pack,PC,2007.0,Strategy,LucasArts,0.01,0.06,0.0,0.01,0.09
383,10438,Thrillville: Off the Rails,PSP,2007.0,Strategy,LucasArts,0.09,0.0,0.0,0.01,0.1
384,8522,San Goku Shi Taisen DS,DS,2007.0,Strategy,Sega,0.0,0.0,0.16,0.0,0.16
385,15554,Yu-Gi-Oh! GX: The Beginning of Destiny (JP sales),PS2,2007.0,Strategy,Konami Digital Entertainment,0.0,0.0,0.02,0.0,0.02
386,9687,Star Trek: Conquest,Wii,2007.0,Strategy,Bethesda Softworks,0.11,0.01,0.0,0.01,0.12
387,8781,Heroes of Mana,DS,2007.0,Strategy,Square Enix,0.08,0.01,0.05,0.01,0.15
388,6792,Command & Conquer 3: Kane's Wrath,X360,2008.0,Strategy,Electronic Arts,0.16,0.06,0.0,0.02,0.24
389,10872,Wordmaster,DS,2008.0,Strategy,Zoo Digital Publishing,0.09,0.0,0.0,0.01,0.09
390,3042,Command & Conquer: Red Alert 3,PC,2008.0,Strategy,Electronic Arts,0.01,0.64,0.0,0.02,0.67
391,7040,Yu-Gi-Oh! GX: Tag Force 3,PSP,2008.0,Strategy,Konami Digital Entertainment,0.0,0.03,0.18,0.01,0.23
392,12630,Emblem of Gundam,DS,2008.0,Strategy,Namco Bandai Games,0.0,0.0,0.06,0.0,0.06
393,14079,Hotel Giant 2,PC,2008.0,Strategy,JoWood Productions,0.0,0.03,0.0,0.01,0.04
394,10946,Tom Clancy's EndWar,DS,2008.0,Strategy,Ubisoft,0.08,0.01,0.0,0.01,0.09
395,15235,Command & Conquer 3: Deluxe Edition,PC,2008.0,Strategy,Electronic Arts,0.0,0.02,0.0,0.0,0.02
396,12854,Front Mission 2089: Border of Madness,DS,2008.0,Strategy,Square Enix,0.0,0.0,0.05,0.0,0.05
397,10802,Populous DS,DS,2008.0,Strategy,Rising Star Games,0.07,0.0,0.02,0.01,0.1
398,15488,"Warhammer 40,000: Dawn of War: Soulstorm",PC,2008.0,Strategy,THQ,0.0,0.02,0.0,0.0,0.02
399,10008,Warhammer: Battle March,X360,2008.0,Strategy,Deep Silver,0.09,0.02,0.0,0.01,0.11
400,5866,Zoo Tycoon 2 DS,DS,2008.0,Strategy,THQ,0.24,0.03,0.0,0.02,0.3
401,9856,Tom Clancy's EndWar,PSP,2008.0,Strategy,Ubisoft,0.1,0.01,0.0,0.01,0.12
402,10524,Culdcept DS,DS,2008.0,Strategy,Sega,0.0,0.0,0.1,0.0,0.1
403,2623,Sid Meier's Civilization Revolution,PS3,2008.0,Strategy,Take-Two Interactive,0.49,0.19,0.01,0.1,0.79
404,6468,Zoo Tycoon 2: Ultimate Collection,PC,2008.0,Strategy,Microsoft Game Studios,0.04,0.18,0.0,0.04,0.26
405,16049,Blitzkrieg 2 Anthology,PC,2008.0,Strategy,Ascaron Entertainment GmbH,0.0,0.01,0.0,0.0,0.01
406,15604,Command & Conquer 3: Kane's Wrath,PC,2008.0,Strategy,Electronic Arts,0.0,0.01,0.0,0.0,0.02
407,15429,Defendin' De Penguin,DS,2008.0,Strategy,Zushi Games,0.02,0.0,0.0,0.0,0.02
408,2498,Sid Meier's Civilization Revolution,X360,2008.0,Strategy,Take-Two Interactive,0.58,0.17,0.0,0.07,0.83
409,1719,Spore,PC,2008.0,Strategy,Electronic Arts,0.03,1.06,0.0,0.09,1.17
410,12886,Defendin' De Penguin,Wii,2008.0,Strategy,Zushi Games,0.05,0.0,0.0,0.0,0.05
411,3083,New Play Control! Pikmin,Wii,2008.0,Strategy,Nintendo,0.29,0.14,0.19,0.04,0.66
412,15965,Imperium Romanum,PC,2008.0,Strategy,Kalypso Media,0.0,0.01,0.0,0.0,0.02
413,3099,Tom Clancy's EndWar,PS3,2008.0,Strategy,Ubisoft,0.32,0.22,0.01,0.1,0.65
414,11896,Robocalypse,DS,2008.0,Strategy,Tecmo Koei,0.07,0.0,0.0,0.0,0.07
415,15824,Farm Frenzy,PC,2008.0,Strategy,Mumbo Jumbo,0.01,0.0,0.0,0.0,0.02
416,11262,Ultimate Card Games DS,DS,2008.0,Strategy,Telegames,0.08,0.0,0.0,0.01,0.08
417,2485,Battle of Giants: Dinosaurs,DS,2008.0,Strategy,Ubisoft,0.38,0.37,0.0,0.09,0.83
418,5134,Medieval II: Total War Gold Edition,PC,2008.0,Strategy,Sega,0.0,0.33,0.0,0.03,0.37
419,8670,Kidou Senshi Gundam: Giren no Yabou - Axis no Kyoui,PSP,2008.0,Strategy,Namco Bandai Games,0.0,0.0,0.16,0.0,0.16
420,4283,Command & Conquer: Red Alert 3,X360,2008.0,Strategy,Electronic Arts,0.18,0.23,0.0,0.05,0.46
421,14997,Europa Universalis III Complete,PC,2008.0,Strategy,Paradox Interactive,0.0,0.02,0.0,0.0,0.02
422,2280,Tom Clancy's EndWar,X360,2008.0,Strategy,Ubisoft,0.58,0.24,0.01,0.09,0.91
423,15029,Stronghold Crusader Extreme,PC,2008.0,Strategy,Gamecock,0.0,0.02,0.0,0.0,0.02
424,12058,San Goku Shi Taisen Ten,DS,2008.0,Strategy,Sega,0.0,0.0,0.07,0.0,0.07
425,4250,Sid Meier's Civilization Revolution,DS,2008.0,Strategy,Take-Two Interactive,0.38,0.03,0.02,0.04,0.46
426,11705,Tears to Tiara: Garland of the Earth,PS3,2008.0,Strategy,Aqua Plus,0.0,0.0,0.08,0.0,0.08
427,14596,Saihai no Yukue,DS,2008.0,Strategy,Tecmo Koei,0.0,0.0,0.03,0.0,0.03
428,14468,Sins of a Solar Empire,PC,2008.0,Strategy,Pinnacle,0.0,0.02,0.0,0.01,0.03
429,14680,Nobunaga no Yabou DS 2,DS,2008.0,Strategy,Tecmo Koei,0.0,0.0,0.03,0.0,0.03
430,11070,Supreme Commander,X360,2008.0,Strategy,505 Games,0.07,0.01,0.0,0.01,0.09
431,11438,Worms: A Space Oddity,Wii,2008.0,Strategy,THQ,0.06,0.02,0.0,0.01,0.08
432,7231,Age of Empires: Mythologies,DS,2008.0,Strategy,THQ,0.17,0.03,0.0,0.02,0.22
433,9218,Ninjatown,DS,2008.0,Strategy,SouthPeak Games,0.12,0.0,0.0,0.01,0.14
434,4008,Super Robot Taisen Z,PS2,2008.0,Strategy,Namco Bandai Games,0.0,0.0,0.5,0.0,0.5
435,10962,Lock's Quest,DS,2008.0,Strategy,THQ,0.08,0.0,0.0,0.01,0.09
436,14290,Nobunaga no Yabou: Kakushin with Power-Up Kit,PS2,2008.0,Strategy,Tecmo Koei,0.0,0.0,0.03,0.0,0.03
437,8170,Super Robot Taisen A Portable,PSP,2008.0,Strategy,Namco Bandai Games,0.0,0.0,0.18,0.0,0.18
438,4182,"Warhammer 40,000: Dawn of War II",PC,2009.0,Strategy,THQ,0.0,0.45,0.0,0.02,0.47
439,13666,Farm Frenzy 3,PC,2009.0,Strategy,Alawar Entertainment,0.0,0.03,0.0,0.01,0.04
440,5745,SD Gundam G Generation Wars,PS2,2009.0,Strategy,Namco Bandai Games,0.0,0.0,0.31,0.0,0.31
441,14934,Tropico Reloaded,PC,2009.0,Strategy,Kalypso Media,0.0,0.02,0.0,0.0,0.02
442,13796,Fritz Chess,PS3,2009.0,Strategy,Deep Silver,0.0,0.03,0.0,0.01,0.04
443,14824,Catan,DS,2009.0,Strategy,CDV Software Entertainment,0.0,0.02,0.0,0.0,0.03
444,15574,WorldShift,PC,2009.0,Strategy,Playlogic Game Factory,0.02,0.0,0.0,0.0,0.02
445,13801,Sacred Blaze,PS2,2009.0,Strategy,Flight-Plan,0.0,0.0,0.04,0.0,0.04
446,5513,Battlestations: Pacific,X360,2009.0,Strategy,Eidos Interactive,0.17,0.12,0.01,0.03,0.33
447,15291,Military History: Commander - Europe at War,PSP,2009.0,Strategy,Slitherine Software,0.0,0.01,0.0,0.01,0.02
448,14976,Demigod,PC,2009.0,Strategy,Atari,0.0,0.02,0.0,0.0,0.02
449,14302,Men of War,PC,2009.0,Strategy,505 Games,0.01,0.02,0.0,0.01,0.03
450,15150,Fritz Chess,Wii,2009.0,Strategy,Deep Silver,0.02,0.01,0.0,0.0,0.02
451,15191,Fritz Chess,DS,2009.0,Strategy,Deep Silver,0.02,0.0,0.0,0.0,0.02
452,5132,Command & Conquer: Red Alert 3 Ultimate Edition,PS3,2009.0,Strategy,Electronic Arts,0.14,0.17,0.0,0.06,0.37
453,15218,Galaxy Angel II: Eigou Kaiki no Koku,PS2,2009.0,Strategy,Broccoli,0.0,0.0,0.02,0.0,0.02
454,15872,Elven Legacy,PC,2009.0,Strategy,Paradox Interactive,0.01,0.0,0.0,0.0,0.02
455,14424,Codename: Panzers Cold War,PC,2009.0,Strategy,Atari,0.0,0.02,0.0,0.01,0.03
456,1884,Empire: Total War,PC,2009.0,Strategy,Sega,0.01,0.97,0.0,0.11,1.09
457,15090,Tom Clancy's EndWar,PC,2009.0,Strategy,Ubisoft,0.0,0.02,0.0,0.0,0.02
458,3222,Battle of Giants: Dragons,DS,2009.0,Strategy,Ubisoft,0.31,0.25,0.0,0.06,0.63
459,15252,Order of War,PC,2009.0,Strategy,Square Enix,0.0,0.01,0.0,0.0,0.02
460,14030,World in Conflict: Complete Edition,PC,2009.0,Strategy,Ubisoft,0.0,0.03,0.0,0.01,0.04
461,3335,New Play Control! Pikmin 2,Wii,2009.0,Strategy,Nintendo,0.11,0.14,0.33,0.02,0.6
462,4463,Yu-Gi-Oh! 5D's Tag Force 4,PSP,2009.0,Strategy,Konami Digital Entertainment,0.19,0.07,0.12,0.06,0.44
463,13989,Tears to Tiara Anecdotes: The Secret of Avalon,PS3,2009.0,Strategy,Aqua Plus,0.0,0.0,0.04,0.0,0.04
464,13929,Taikou Risshiden V,PSP,2009.0,Strategy,Tecmo Koei,0.0,0.0,0.04,0.0,0.04
465,5774,Little King's Story,Wii,2009.0,Strategy,Rising Star Games,0.15,0.11,0.02,0.02,0.31
466,15294,Stormrise,PC,2009.0,Strategy,Sega,0.0,0.02,0.0,0.0,0.02
467,15312,War Leaders: Clash of Nations,PC,2009.0,Strategy,CDV Software Entertainment,0.0,0.02,0.0,0.0,0.02
468,14565,Worms,PS3,2009.0,Strategy,Sony Computer Entertainment,0.0,0.02,0.0,0.01,0.03
469,14872,Battlestations: Pacific,PC,2009.0,Strategy,Eidos Interactive,0.0,0.02,0.0,0.0,0.03
470,2607,Invizimals,PSP,2009.0,Strategy,Sony Computer Entertainment,0.17,0.51,0.0,0.11,0.79
471,1509,LEGO Battles,DS,2009.0,Strategy,Warner Bros. Interactive Entertainment,0.81,0.38,0.0,0.12,1.31
472,8576,Our House,DS,2009.0,Strategy,Majesco Entertainment,0.15,0.0,0.0,0.01,0.16
473,11993,Hearts of Iron III,PC,2009.0,Strategy,Paradox Interactive,0.01,0.04,0.0,0.01,0.07
474,16175,Military History: Commander - Europe at War,DS,2009.0,Strategy,Slitherine Software,0.0,0.01,0.0,0.0,0.01
475,12788,History Great Empires: Rome,DS,2009.0,Strategy,Black Bean Games,0.05,0.0,0.0,0.0,0.06
476,8296,Age of Empires III: Complete Collection,PC,2009.0,Strategy,Microsoft Game Studios,0.01,0.12,0.0,0.03,0.17
477,12741,SD Gundam G Generation Wars,Wii,2009.0,Strategy,Namco Bandai Games,0.0,0.0,0.06,0.0,0.06
478,8215,Stormrise,PS3,2009.0,Strategy,Sega,0.13,0.02,0.0,0.02,0.17
479,16176,Tactics Layer: Ritina Guard Senki,DS,2009.0,Strategy,D3Publisher,0.0,0.0,0.01,0.0,0.01
480,8168,Kidou Senshi Gundam: Senjou no Kizuna Portable,PSP,2009.0,Strategy,Namco Bandai Games,0.0,0.0,0.18,0.0,0.18
481,16189,BattleForge,PC,2009.0,Strategy,Electronic Arts,0.0,0.01,0.0,0.0,0.01
482,8042,Company of Heroes: Anthology,PC,2009.0,Strategy,THQ,0.0,0.15,0.0,0.04,0.18
483,12453,Shining Force Feather,DS,2009.0,Strategy,Sega,0.0,0.0,0.06,0.0,0.06
484,12270,Elite Forces: Unit 77,DS,2009.0,Strategy,Deep Silver,0.06,0.0,0.0,0.0,0.06
485,7240,Tropico 3,X360,2009.0,Strategy,Kalypso Media,0.15,0.02,0.03,0.02,0.22
486,11886,Kidou Senshi Gundam: Giren no Yabou - Axis no Kyoui V,PS2,2009.0,Strategy,Namco Bandai Games,0.0,0.0,0.07,0.0,0.07
487,11888,Kidou Senshi Gundam: Giren no Yabou - Axis no Kyoui V,PSP,2009.0,Strategy,Namco Bandai Games,0.0,0.0,0.07,0.0,0.07
488,579,Halo Wars,X360,2009.0,Strategy,Microsoft Game Studios,1.53,0.82,0.04,0.24,2.63
489,13635,Company of Heroes: Tales of Valor,PC,2009.0,Strategy,THQ,0.0,0.03,0.0,0.01,0.04
490,7452,Super Robot Taisen K,DS,2009.0,Strategy,Namco Bandai Games,0.0,0.0,0.21,0.0,0.21
491,12869,Vertigo,Wii,2009.0,Strategy,Playlogic Game Factory,0.05,0.0,0.0,0.0,0.05
492,16073,East India Company,PC,2009.0,Strategy,Paradox Interactive,0.01,0.0,0.0,0.0,0.01
493,16316,Musou Tourou,PSP,2009.0,Strategy,Nippon Ichi Software,0.0,0.0,0.01,0.0,0.01
494,13034,Plants vs. Zombies,PC,2009.0,Strategy,PopCap Games,0.0,0.04,0.0,0.01,0.05
495,9638,The Stronghold Collection,PC,2009.0,Strategy,Take-Two Interactive,0.03,0.08,0.0,0.02,0.13
496,16542,Spore Galactic Adventures,PC,2009.0,Strategy,Electronic Arts,0.0,0.01,0.0,0.0,0.01
497,10550,Creeper World 3: Arc Eternal,Wii,2009.0,Strategy,Namco Bandai Games,0.0,0.0,0.1,0.0,0.1
498,13107,Super Robot Taisen Neo,Wii,2009.0,Strategy,Namco Bandai Games,0.0,0.0,0.05,0.0,0.05
499,13430,Tropico 3,PC,2009.0,Strategy,Kalypso Media,0.0,0.04,0.0,0.01,0.05
500,10058,Desktop Tower Defense,DS,2009.0,Strategy,THQ,0.11,0.0,0.0,0.01,0.11
501,8744,Stormrise,X360,2009.0,Strategy,Sega,0.11,0.03,0.0,0.01,0.15
502,9835,Mytran Wars,PSP,2009.0,Strategy,Deep Silver,0.08,0.02,0.0,0.02,0.12
503,14542,SD Gundam: Gashapon Wars,Wii,2010.0,Strategy,Namco Bandai Games,0.0,0.0,0.03,0.0,0.03
504,14543,Commander: Conquest of the Americas,PC,2010.0,Strategy,Paradox Interactive,0.0,0.02,0.0,0.01,0.03
505,10401,Yuusha no Kuse ni Namaikida Or 3D,PSP,2010.0,Strategy,Sony Computer Entertainment,0.0,0.0,0.11,0.0,0.11
506,15311,T.A.C. Heroes : Big Red One,DS,2010.0,Strategy,Storm City Games,0.02,0.0,0.0,0.0,0.02
507,10630,Record of Agarest War Zero,X360,2010.0,Strategy,Compile Heart,0.09,0.0,0.0,0.01,0.1
508,7800,Supreme Commander 2,PC,2010.0,Strategy,Square Enix,0.0,0.15,0.0,0.04,0.19
509,9855,PixelJunk Monsters Deluxe,PSP,2010.0,Strategy,Sony Computer Entertainment,0.11,0.0,0.0,0.01,0.12
510,15816,Achtung Panzer: Kharkov 1943,PC,2010.0,Strategy,Mamba Games,0.0,0.01,0.0,0.0,0.02
511,9847,Super Robot Wars OG Saga: Masou Kishin - The Lord of Elemental,DS,2010.0,Strategy,Namco Bandai Games,0.0,0.0,0.12,0.0,0.12
512,14632,Hyakumanton no Bara Bara,PSP,2010.0,Strategy,Sony Computer Entertainment,0.0,0.0,0.03,0.0,0.03
513,16335,The Eye of Judgment: Legends,PSP,2010.0,Strategy,Sony Computer Entertainment,0.0,0.0,0.01,0.0,0.01
514,16385,Akatsuki no Amaneka to Aoi Kyojin,PSP,2010.0,Strategy,CyberFront,0.0,0.0,0.01,0.0,0.01
515,10694,"Warhammer 40,000: Dawn of War II - Chaos Rising",PC,2010.0,Strategy,THQ,0.08,0.01,0.0,0.01,0.1
516,9781,Making History: The Great War,PSP,2010.0,Strategy,Namco Bandai Games,0.0,0.0,0.12,0.0,0.12
517,218,StarCraft II: Wings of Liberty,PC,2010.0,Strategy,Activision,2.56,1.68,0.0,0.59,4.83
518,15728,Disciples III: Renaissance,PC,2010.0,Strategy,Kalypso Media,0.0,0.01,0.0,0.0,0.02
519,14995,Carnage Heart EXA,PSP,2010.0,Strategy,ArtDink,0.0,0.0,0.02,0.0,0.02
520,8638,Yu-Gi-Oh! 5D's: Duel Transer,Wii,2010.0,Strategy,Konami Digital Entertainment,0.11,0.02,0.02,0.01,0.16
521,8986,Making History: The Great War,Wii,2010.0,Strategy,Namco Bandai Games,0.0,0.0,0.15,0.0,0.15
522,3921,R.U.S.E.,PS3,2010.0,Strategy,Ubisoft,0.18,0.22,0.02,0.09,0.51
523,16481,Ishin no Arashi: Shippuu Ryuumeden,DS,2010.0,Strategy,Tecmo Koei,0.0,0.0,0.01,0.0,0.01
524,9300,Kamen Rider Battle: Ganbaride,DS,2010.0,Strategy,Namco Bandai Games,0.0,0.0,0.14,0.0,0.14
525,8467,Sid Meier's Pirates!,Wii,2010.0,Strategy,Take-Two Interactive,0.13,0.02,0.0,0.01,0.16
526,15768,Strike Witches: Shirogane no Tsubasa,X360,2010.0,Strategy,CyberFront,0.0,0.0,0.02,0.0,0.02
527,14802,Sengoku Efuda Yuugi: Hototogisu Tairan,PSP,2010.0,Strategy,Irem Software Engineering,0.0,0.0,0.03,0.0,0.03
528,9490,The History Channel: Great Battles - Medieval,X360,2010.0,Strategy,Slitherine Software,0.08,0.04,0.0,0.01,0.13
529,3075,Napoleon: Total War,PC,2010.0,Strategy,Sega,0.02,0.52,0.0,0.12,0.66
530,8247,Super Robot Taisen L,DS,2010.0,Strategy,Namco Bandai Games,0.0,0.0,0.17,0.0,0.17
531,9338,Nobunaga no Yabou: Tendou,PS3,2010.0,Strategy,Tecmo Koei,0.0,0.0,0.13,0.0,0.13
532,15744,Elven Legacy Collection,PC,2010.0,Strategy,Paradox Interactive,0.0,0.01,0.0,0.0,0.02
533,16367,Tropico 3: Gold Edition,PC,2010.0,Strategy,Kalypso Media,0.0,0.01,0.0,0.0,0.01
534,5324,Yu-Gi-Oh! 5D's Tag Force 5,PSP,2010.0,Strategy,Konami Digital Entertainment,0.13,0.05,0.14,0.03,0.35
535,13787,Patrician IV,PC,2010.0,Strategy,Kalypso Media,0.03,0.0,0.0,0.0,0.04
536,14065,Sins of a Solar Empire: Trinity,PC,2010.0,Strategy,Kalypso Media,0.0,0.03,0.0,0.01,0.04
537,14016,San Goku Shi DS 3,DS,2010.0,Strategy,Tecmo Koei,0.0,0.0,0.04,0.0,0.04
538,6254,R.U.S.E.,PC,2010.0,Strategy,Ubisoft,0.04,0.19,0.0,0.05,0.28
539,5621,The Settlers 7: Paths to a Kingdom,PC,2010.0,Strategy,Ubisoft,0.0,0.26,0.0,0.06,0.32
540,5667,Dragon Quest Monsters: Battle Road Victory,Wii,2010.0,Strategy,Square Enix,0.0,0.0,0.32,0.0,0.32
541,12577,Imagine: Resort Owner,DS,2010.0,Strategy,Ubisoft,0.05,0.0,0.0,0.0,0.06
542,7014,Worms: Battle Islands,Wii,2010.0,Strategy,THQ,0.11,0.1,0.0,0.02,0.23
543,6294,R.U.S.E.,X360,2010.0,Strategy,Ubisoft,0.12,0.12,0.0,0.03,0.27
544,6514,Plants vs. Zombies,X360,2010.0,Strategy,PopCap Games,0.24,0.0,0.0,0.02,0.26
545,6381,Fire Emblem: Shin Monshou no Nazo Hikari to Kage no Eiyuu,DS,2010.0,Strategy,Nintendo,0.0,0.0,0.27,0.0,0.27
546,5860,Invizimals: Shadow Zone,PSP,2010.0,Strategy,Sony Computer Entertainment,0.05,0.16,0.0,0.08,0.3
547,1071,Sid Meier's Civilization V,PC,2010.0,Strategy,Take-Two Interactive,0.98,0.52,0.0,0.19,1.69
548,16267,Sengoku Hime 2 Arashi: Hyakubana Senran Tatsukaze no Gotoku,PSP,2010.0,Strategy,System Soft,0.0,0.0,0.01,0.0,0.01
549,5310,Supreme Commander 2,X360,2010.0,Strategy,Square Enix,0.23,0.1,0.0,0.03,0.35
550,16302,Moe Moe 2-Ji Daisenryaku 2,PSP,2010.0,Strategy,System Soft,0.0,0.0,0.01,0.0,0.01
551,15821,Command & Conquer 4: Tiberian Twilight,PC,2010.0,Strategy,Electronic Arts,0.0,0.01,0.0,0.0,0.02
552,5772,Yu-Gi-Oh! 5D's World Championship 2010 Reverse of Arcadia,DS,2010.0,Strategy,Konami Digital Entertainment,0.18,0.02,0.09,0.02,0.31
553,6329,Battle of Giants: Mutant Insects,DS,2010.0,Strategy,Ubisoft,0.09,0.15,0.0,0.03,0.27
554,7498,Battle of Giants: Dinosaurs Strike,Wii,2010.0,Strategy,Ubisoft,0.15,0.04,0.0,0.02,0.2
555,13230,Worms Reloaded,PC,2010.0,Strategy,Team17 Software,0.0,0.04,0.0,0.01,0.05
556,16499,Shutsugeki! Otometachi no Senjou 2: Ikusabana no Kizuna,PSP,2011.0,Strategy,System Soft,0.0,0.0,0.01,0.0,0.01
557,11108,Bakugan: Rise of the Resistance,DS,2011.0,Strategy,Activision,0.06,0.02,0.0,0.01,0.09
558,16535,STORM: Frontline Nation,PC,2011.0,Strategy,Unknown,0.0,0.01,0.0,0.0,0.01
559,15968,Sengoku,PC,2011.0,Strategy,Paradox Interactive,0.0,0.01,0.0,0.0,0.02
560,1208,LEGO Battles: Ninjago,DS,2011.0,Strategy,Warner Bros. Interactive Entertainment,1.07,0.36,0.0,0.12,1.55
561,9807,McDROID,Wii,2011.0,Strategy,Namco Bandai Games,0.0,0.0,0.12,0.0,0.12
562,13343,SD Gundam G Generation World,Wii,2011.0,Strategy,Namco Bandai Games,0.0,0.0,0.05,0.0,0.05
563,15689,Machi-ing Maker 4,PS3,2011.0,Strategy,D3Publisher,0.0,0.0,0.02,0.0,0.02
564,1716,Plants vs. Zombies,DS,2011.0,Strategy,Mastertronic,0.95,0.15,0.0,0.08,1.18
565,15663,Nobunaga no Yabou: Soutensoku with Power-Up Kit,PSP,2011.0,Strategy,Tecmo Koei,0.0,0.0,0.02,0.0,0.02
566,13711,Men of War: Vietnam,PC,2011.0,Strategy,Unknown,0.0,0.03,0.0,0.01,0.04
567,15420,Trapped Dead,PC,2011.0,Strategy,Iceberg Interactive,0.0,0.02,0.0,0.0,0.02
568,10535,Dora & Kai-Lan's Pet Shelter,DS,2011.0,Strategy,Take-Two Interactive,0.08,0.01,0.0,0.01,0.1
569,10530,Weiss Schwarz Portable,PSP,2011.0,Strategy,Namco Bandai Games,0.0,0.0,0.1,0.0,0.1
570,1322,Anno 2070,PC,2011.0,Strategy,Ubisoft,0.0,1.13,0.0,0.32,1.45
571,10102,Stronghold Kingdoms,PC,2011.0,Strategy,DTP Entertainment,0.0,0.1,0.0,0.02,0.11
572,10841,Dungeons,PC,2011.0,Strategy,Kalypso Media,0.07,0.02,0.0,0.01,0.09
573,9144,Kidou Senshi Gundam: Shin Gihren no Yabou,PSP,2011.0,Strategy,Namco Bandai Games,0.0,0.0,0.14,0.0,0.14
574,4570,Dai-2-Ji Super Robot Taisen Z: Hakai-hen,PSP,2011.0,Strategy,Banpresto,0.0,0.0,0.42,0.0,0.42
575,15698,Dungeons - The Dark Lord,PC,2011.0,Strategy,Kalypso Media,0.0,0.01,0.0,0.0,0.02
576,12157,Cities XL 2012,PC,2011.0,Strategy,Focus Home Interactive,0.01,0.05,0.0,0.01,0.07
577,4926,Combat of Giants: Dinosaurs 3D,3DS,2011.0,Strategy,Ubisoft,0.25,0.06,0.05,0.03,0.39
578,12183,Nobunaga no Yabou: Tendou with Power-Up Kit,PS3,2011.0,Strategy,Tecmo Koei,0.0,0.0,0.07,0.0,0.07
579,7375,Yu-Gi-Oh! 5D's World Championship 2011: Over the Nexus,DS,2011.0,Strategy,Konami Digital Entertainment,0.1,0.03,0.07,0.01,0.21
580,12362,Age of Empires Online,PC,2011.0,Strategy,Microsoft Game Studios,0.01,0.04,0.0,0.01,0.06
581,14196,Makai Senki Disgaea 4: Fuuka & Desco-hen Hajime Mashita,PS3,2011.0,Strategy,Nippon Ichi Software,0.0,0.0,0.03,0.0,0.03
582,7821,Plants vs. Zombies,PS3,2011.0,Strategy,PopCap Games,0.18,0.0,0.0,0.01,0.19
583,15837,Majesty 2 Collection,PC,2011.0,Strategy,Paradox Interactive,0.0,0.01,0.0,0.0,0.02
584,14112,Supreme Ruler: Cold War,PC,2011.0,Strategy,Paradox Interactive,0.0,0.03,0.0,0.01,0.03
585,14101,FabStyle,3DS,2011.0,Strategy,Tecmo Koei,0.0,0.0,0.03,0.0,0.03
586,14724,King Arthur II,PC,2011.0,Strategy,Paradox Interactive,0.0,0.02,0.0,0.0,0.03
587,6343,Tropico 4,PC,2011.0,Strategy,Kalypso Media,0.1,0.13,0.0,0.04,0.27
588,14078,A Game of Thrones: Genesis,PC,2011.0,Strategy,Focus Home Interactive,0.0,0.03,0.0,0.01,0.04
589,11599,FabStyle,DS,2011.0,Strategy,Tecmo Koei,0.0,0.0,0.08,0.0,0.08
590,12785,Yuugen Gaisha Brave Company,3DS,2011.0,Strategy,Namco Bandai Games,0.0,0.0,0.06,0.0,0.06
591,8505,Stronghold 3,PC,2011.0,Strategy,,0.06,0.1,0.0,0.0,0.16
592,11501,Ken to Mahou to Gakuen Mono. Final: Shinnyusei wa Ohimesama,PSP,2011.0,Strategy,Acquire,0.0,0.0,0.08,0.0,0.08
593,3400,Total War: Shogun 2,PC,2011.0,Strategy,Sega,0.19,0.31,0.0,0.09,0.59
594,11487,"Warhammer 40,000: Dawn of War II - Retribution",PC,2011.0,Strategy,THQ,0.0,0.06,0.0,0.02,0.08
595,8549,Yu-Gi-Oh! 5D's Tag Force 6,PSP,2011.0,Strategy,Konami Digital Entertainment,0.0,0.0,0.16,0.0,0.16
596,13985,Worms: Ultimate Mayhem,PC,2011.0,Strategy,Unknown,0.0,0.03,0.0,0.0,0.04
597,12876,McDROID,PSP,2011.0,Strategy,Namco Bandai Games,0.0,0.0,0.05,0.0,0.05
598,5354,SD Gundam G Generation World,PSP,2011.0,Strategy,Namco Bandai Games,0.0,0.0,0.34,0.0,0.34
599,13059,Men of War: Assault Squad,PC,2011.0,Strategy,1C Company,0.01,0.03,0.0,0.01,0.05
600,14777,Farm Frenzy 3,DS,2011.0,Strategy,Unknown,0.0,0.02,0.0,0.0,0.03
601,5399,Tom Clancy's Ghost Recon: Shadow Wars,3DS,2011.0,Strategy,Ubisoft,0.22,0.09,0.0,0.03,0.34
602,15890,Romance of the Three Kingdoms XII,WiiU,2012.0,Strategy,Tecmo Koei,0.0,0.0,0.02,0.0,0.02
603,16017,Nobunaga no Yabou Online: Houou no Shou,PS3,2012.0,Strategy,Ackkstudios,0.0,0.0,0.01,0.0,0.01
604,16292,The Train Giant,PC,2012.0,Strategy,Ascaron Entertainment,0.0,0.01,0.0,0.0,0.01
605,16569,End of Nations,PC,2012.0,Strategy,Trion Worlds,0.01,0.0,0.0,0.0,0.01
606,5790,SD Gundam G Generation: Overworld,PSP,2012.0,Strategy,Namco Bandai Games,0.0,0.0,0.31,0.0,0.31
607,2826,XCOM: Enemy Unknown,PC,2012.0,Strategy,Take-Two Interactive,0.26,0.36,0.0,0.1,0.72
608,15352,Oil Rush,PC,2012.0,Strategy,Iceberg Interactive,0.0,0.02,0.0,0.0,0.02
609,3149,XCOM: Enemy Unknown,X360,2012.0,Strategy,Take-Two Interactive,0.36,0.23,0.0,0.05,0.64
610,15050,Strike Witches: Shirogane no Tsubasa,PSP,2012.0,Strategy,Kadokawa Shoten,0.0,0.0,0.02,0.0,0.02
611,5234,Dai-2-Ji Super Robot Taisen Z Saisei-hen,PSP,2012.0,Strategy,Namco Bandai Games,0.0,0.0,0.36,0.0,0.36
612,14996,Tropico 4: Modern Times,PC,2012.0,Strategy,Kalypso Media,0.0,0.02,0.0,0.0,0.02
613,3370,XCOM: Enemy Unknown,PS3,2012.0,Strategy,Take-Two Interactive,0.24,0.25,0.0,0.11,0.6
614,11131,Romance of the Three Kingdoms XII,PS3,2012.0,Strategy,Tecmo Koei,0.0,0.0,0.09,0.0,0.09
615,5837,Dai-2-Ji Super Robot Taisen OG,PS3,2012.0,Strategy,Namco Bandai Games,0.0,0.0,0.3,0.0,0.3
616,7643,Total War: Shogun 2 - Fall of the Samurai,PC,2012.0,Strategy,Sega,0.07,0.1,0.0,0.03,0.2
617,2730,Total War: Rome II,PC,2013.0,Strategy,Sega,0.12,0.53,0.0,0.11,0.76
618,1094,StarCraft II: Heart of the Swarm,PC,2013.0,Strategy,Activision,0.82,0.65,0.0,0.19,1.67
619,12259,Genkai Tokki Monster Monpiece,PSV,2013.0,Strategy,Idea Factory,0.0,0.0,0.06,0.0,0.06
620,8673,Angry Birds Star Wars,XOne,2013.0,Strategy,Activision,0.11,0.04,0.0,0.01,0.16
621,7593,Angry Birds Star Wars,PS4,2013.0,Strategy,Activision,0.1,0.08,0.0,0.03,0.2
622,7934,Nobunaga no Yabou: Souzou,PS3,2013.0,Strategy,Tecmo Koei,0.0,0.0,0.19,0.0,0.19
623,5541,Angry Birds Star Wars,PS3,2013.0,Strategy,Activision,0.1,0.17,0.0,0.06,0.33
624,9631,Little Battlers eXperience: Wars,3DS,2013.0,Strategy,Level 5,0.0,0.0,0.13,0.0,0.13
625,9726,Angry Birds Star Wars,PSV,2013.0,Strategy,Activision,0.05,0.04,0.0,0.03,0.12
626,12000,Super Robot Taisen OG Saga: Masou Kishin III - Pride of Justice,PS3,2013.0,Strategy,Namco Bandai Games,0.0,0.0,0.07,0.0,0.07
627,5418,Angry Birds Star Wars,3DS,2013.0,Strategy,Activision,0.15,0.15,0.0,0.03,0.34
628,6017,Angry Birds Star Wars,X360,2013.0,Strategy,Activision,0.16,0.11,0.0,0.03,0.29
629,10328,Angry Birds Star Wars,WiiU,2013.0,Strategy,Activision,0.06,0.04,0.0,0.01,0.11
630,5303,Angry Birds Star Wars,Wii,2013.0,Strategy,Activision,0.21,0.1,0.0,0.03,0.35
631,1845,Pikmin 3,WiiU,2013.0,Strategy,Nintendo,0.45,0.31,0.29,0.06,1.11
632,15712,Ultraman Star Chronicles,PSP,2013.0,Strategy,Namco Bandai Games,0.0,0.0,0.02,0.0,0.02
633,14289,Super Robot Taisen OG Saga: Masou Kishin III - Pride of Justice,PSV,2013.0,Strategy,Namco Bandai Games,0.0,0.0,0.03,0.0,0.03
634,5244,Company of Heroes 2,PC,2013.0,Strategy,THQ,0.06,0.25,0.0,0.05,0.36
635,14193,Romance of the Three Kingdoms (3DS),3DS,2013.0,Strategy,Tecmo Koei,0.0,0.0,0.03,0.0,0.03
636,13781,Nobunaga's Ambition: Sphere of Influence,PS4,2014.0,Strategy,Tecmo Koei,0.03,0.0,0.0,0.01,0.04
637,5728,Dragon Ball Heroes: Ultimate Mission 2,3DS,2014.0,Strategy,Namco Bandai Games,0.0,0.0,0.31,0.0,0.31
638,5152,Sid Meier's Civilization: Beyond Earth,PC,2014.0,Strategy,Take-Two Interactive,0.11,0.22,0.0,0.03,0.37
639,12476,Super Robot Wars OG Saga Masou Kishin F: Coffin of the End,PS3,2014.0,Strategy,Namco Bandai Games,0.0,0.0,0.06,0.0,0.06
640,14819,The Legend of Korra (3DS),3DS,2014.0,Strategy,Activision,0.02,0.0,0.0,0.0,0.03
641,12220,Gundam Try Age SP,3DS,2014.0,Strategy,Namco Bandai Games,0.0,0.0,0.07,0.0,0.07
642,12920,Nobunaga's Ambition: Sphere of Influence,PSV,2014.0,Strategy,Tecmo Koei,0.0,0.0,0.05,0.0,0.05
643,12807,Nobunaga no Yabou: Souzou,PS4,2014.0,Strategy,Tecmo Koei,0.0,0.0,0.06,0.0,0.06
644,7550,State of Decay,XOne,2015.0,Strategy,Microsoft Game Studios,0.14,0.05,0.0,0.02,0.2
645,14628,Romance of the Three Kingdoms II,3DS,2015.0,Strategy,Tecmo Koei,0.0,0.0,0.03,0.0,0.03
646,16364,Act of Aggression,PC,2015.0,Strategy,Focus Home Interactive,0.0,0.01,0.0,0.0,0.01
647,11214,Might & Magic Heroes VII,PC,2015.0,Strategy,Ubisoft,0.0,0.08,0.0,0.0,0.09
648,3890,StarCraft II: Legacy of the Void,PC,2015.0,Strategy,Activision,0.18,0.29,0.0,0.04,0.51
649,15449,Nobunaga's Ambition: Tenshouki with Power-Up Kit HD Version,PSV,2015.0,Strategy,Tecmo Koei,0.0,0.0,0.02,0.0,0.02
650,16314,Space Hulk,PSV,2015.0,Strategy,Funbox Media,0.0,0.01,0.0,0.0,0.01
651,12105,Grand Ages: Medieval,PS4,2015.0,Strategy,Kalypso Media,0.0,0.05,0.01,0.01,0.07
652,13918,Civilization Beyond Earth: Rising Tide,PC,2015.0,Strategy,Take-Two Interactive,0.0,0.04,0.0,0.0,0.04
653,6989,Total War: Attila,PC,2015.0,Strategy,Sega,0.09,0.13,0.0,0.02,0.23
654,14055,Nobunaga's Ambition II,3DS,2015.0,Strategy,Tecmo Koei,0.0,0.0,0.04,0.0,0.04
655,15972,Sid Meier's Civilization Revolution 2+,PSV,2015.0,Strategy,Take-Two Interactive,0.0,0.0,0.02,0.0,0.02
656,15493,Devil Survivor: Over Clock,3DS,2015.0,Strategy,Atlus,0.0,0.0,0.02,0.0,0.02
657,16289,War for the Overworld,PC,2015.0,Strategy,Unknown,0.0,0.01,0.0,0.0,0.01
658,7292,Code Name: S.T.E.A.M.,3DS,2015.0,Strategy,Nintendo,0.14,0.05,0.01,0.02,0.22
659,6745,Anno 2205,PC,2015.0,Strategy,Ubisoft,0.02,0.22,0.0,0.01,0.25
660,13300,Grand Ages: Medieval,PC,2015.0,Strategy,Kalypso Media,0.0,0.04,0.0,0.0,0.05
661,15804,XCOM 2,XOne,2016.0,Strategy,Take-Two Interactive,0.01,0.01,0.0,0.0,0.02
662,14638,Stellaris,PC,2016.0,Strategy,Paradox Interactive,0.0,0.03,0.0,0.0,0.03
663,12956,Culdcept Revolt,3DS,2016.0,Strategy,Nintendo,0.0,0.0,0.05,0.0,0.05
664,16477,Total War Attila: Tyrants & Kings,PC,2016.0,Strategy,Koch Media,0.0,0.01,0.0,0.0,0.01
665,7566,XCOM 2,PC,2016.0,Strategy,Take-Two Interactive,0.09,0.1,0.0,0.02,0.2
666,13704,XCOM 2,PS4,2016.0,Strategy,Take-Two Interactive,0.01,0.02,0.0,0.01,0.04
667,14386,Hearts of Iron IV,PC,2016.0,Strategy,Paradox Interactive,0.0,0.03,0.0,0.0,0.03
668,16558,Codename: Panzers Complete Collection,PC,2016.0,Strategy,Nordic Games,0.0,0.01,0.0,0.0,0.01
669,10593,Total War: WARHAMMER,PC,2016.0,Strategy,Sega,0.0,0.1,0.0,0.01,0.1
670,16054,Battle Worlds: Kronos,PC,2016.0,Strategy,Nordic Games,0.0,0.01,0.0,0.0,0.01
671,3219,Advance Wars: Days of Ruin,DS,,Strategy,Nintendo,0.44,0.13,0.0,0.06,0.63
672,5198,Tropico 4,X360,,Strategy,Kalypso Media,0.2,0.13,0.0,0.03,0.36
673,7408,Valkyria Chronicles III: Unrecorded Chronicles,PSP,,Strategy,Sega,0.0,0.0,0.21,0.0,0.21
674,9744,Record of Agarest War Zero,PS3,,Strategy,Ghostlight,0.09,0.0,0.03,0.01,0.12
675,9751,Super Robot Wars OG Saga: Masou Kishin II - Revelation of Evil God,PSP,,Strategy,,0.0,0.0,0.12,0.0,0.12
676,10047,Star Trek: Conquest,PS2,,Strategy,Bethesda Softworks,0.06,0.04,0.0,0.01,0.11
677,13158,The History Channel: Great Battles - Medieval,PS3,,Strategy,Slitherine Software,0.0,0.04,0.0,0.01,0.05
678,13479,RollerCoaster Tycoon,PC,,Strategy,Microprose,0.02,0.02,0.0,0.01,0.04
679,14058,Clockwork Empires,PC,,Strategy,Unknown,0.0,0.03,0.0,0.0,0.04
680,16194,Homeworld Remastered Collection,PC,,Strategy,,0.0,0.01,0.0,0.0,0.01
